0000186/001.jpg,53,35,179,222
0000186/002.jpg,67,32,194,212
0000186/003.jpg,75,40,211,237
0000186/004.jpg,73,38,202,211
0000186/005.jpg,57,24,186,224
0000186/006.jpg,53,27,181,222
0000186/007.jpg,53,37,179,225
0000186/008.jpg,84,19,235,236
0000186/009.jpg,71,34,194,221
0000186/010.jpg,69,36,196,225
0000186/011.jpg,55,35,180,223
0000186/012.jpg,57,37,183,219
0000186/013.jpg,56,32,183,217
0000186/014.jpg,59,25,194,219
0000186/015.jpg,62,29,190,213
0000186/016.jpg,55,28,191,226
0000186/017.jpg,73,33,204,219
0000186/018.jpg,58,39,184,219
0000186/019.jpg,50,36,188,222
0000186/020.jpg,39,31,174,224
0000186/021.jpg,61,31,184,217
0000186/022.jpg,76,46,189,201
0000186/023.jpg,64,35,194,229
0000186/024.jpg,50,32,169,215
0000186/025.jpg,52,38,183,226
0000186/026.jpg,50,22,177,217
0000186/027.jpg,53,31,179,225
0000186/028.jpg,57,44,180,216
0000186/029.jpg,66,59,166,196
0000186/030.jpg,56,28,188,228
0000186/031.jpg,71,29,196,226
0000186/032.jpg,66,31,193,224
0000186/033.jpg,65,42,185,205
0000186/034.jpg,61,31,195,224
0000186/035.jpg,56,24,194,219
0000186/036.jpg,73,37,199,224
0000186/037.jpg,62,55,161,196
0000186/038.jpg,55,31,179,220
0000186/039.jpg,56,43,171,212
0000186/040.jpg,62,33,190,218
0000186/041.jpg,56,38,178,206
0000186/042.jpg,58,39,188,214
0000186/043.jpg,70,32,195,219
0000186/044.jpg,59,25,188,218
0000186/045.jpg,55,37,186,221
0000186/046.jpg,74,34,205,216
0000186/047.jpg,75,40,195,212
0000186/048.jpg,14,13,162,252
0000186/049.jpg,55,26,181,214
0000186/050.jpg,53,27,174,207
0000186/051.jpg,53,31,179,221
0000186/052.jpg,62,34,197,221
0000186/053.jpg,49,36,170,208
0000186/054.jpg,49,25,174,223
0000186/055.jpg,56,26,187,217
0000186/056.jpg,59,24,190,223
0000186/057.jpg,52,39,178,223
0000186/058.jpg,76,57,194,216
0000186/059.jpg,32,28,163,218
0000186/060.jpg,52,44,161,205
0000186/061.jpg,66,36,194,219
0000186/062.jpg,85,35,222,229
0000186/063.jpg,63,41,186,214
0000186/064.jpg,55,39,193,193
0000186/065.jpg,83,57,202,207
0000186/066.jpg,48,45,164,210
0000186/067.jpg,73,38,195,217
0000186/068.jpg,59,35,189,217
0000186/069.jpg,73,24,193,228
0000186/070.jpg,59,36,170,206
